planta,registros,caudal_promedio,dbo_entrada_promedio,dbo_salida_promedio,eficiencia_promedio,cumplimiento_promedio,energia_promedio,lodos_promedio,cumplimiento_porcentaje
Planta Centro,75,5112.72,285.18666666666667,35.90133333333333,87.51311037693613,0.22666666666666666,1260.8546666666668,433.0106666666667,22.666666666666664
Planta Norte,71,5287.87323943662,275.84507042253523,36.56056338028169,86.64678408152118,0.16901408450704225,1299.3084507042254,450.4718309859155,16.901408450704224
Planta Sur,54,4684.518518518518,278.7962962962963,36.0574074074074,87.09586445798402,0.2962962962962963,1193.775925925926,394.44074074074075,29.629629629629626
